question,answer,category
"Ter Apel'e başvuru yapmanın ilk adımı nedir?","Hollanda'ya gelen iltica talipleri ilk olarak Ter Apel'deki Göçmen Kayıt Merkezi'ne (MVV) gitmelidirler. Burada kimlik kontrolleri yapılır, parmak izleri alınır ve ilk sağlık muayenesi gerçekleştirilir. Ter Apel'de kayıt yapıldıktan sonra size bir referans numarası ve geçici barınma verilir.","asylum"
"Ter Apel başvurusunda hangi belgeler gerekli?","Pasaportunuz varsa bunu getirmeniz gerekir. Eğer pasaportunuz yoksa ya da kaybettiyse, kimliğinizi kanıtlayabilecek herhangi bir resmi belge (ulusal kimlik kartı, sürücü lisansı vb.) faydalı olabilir. Ayrıca, seyahat yolunuz ve neden Hollanda'ya geldiğiniz hakkında bilgi verebilirsiniz, ancak bu aşamada ayrıntılı belgeler zorunlu değildir.","asylum"
"Dublin Prosedürü nedir ve ne zaman uygulanır?","Dublin Prosedürü, AB ülkeleri arasında iltica başvurularının işlenmesini düzenleyen bir sistemdir. Eğer siz AB'nin başka bir ülkesine girdiniz ve parmak izleriniz orada kaydedildiyse, Hollanda'daki başvurunuz reddedilebilir ve sizi ilk giriş yapan ülkeye iade edebilirler. Bu ülke iltica başvurunuzu değerlendirmekle sorumlu olacaktır.","asylum"
"Dublin kararına karşı ne yapabilirim?","Dublin kararına karşı, karar alındığını öğrendiğinizden itibaren 2 hafta içinde itiraz edebilirsiniz. İtirazınızda, neden iltica başvurunuzun Hollanda'da işlenmesi gerektiğini açıklayabilirsiniz. Örneğin, Hollanda'da aile üyeleri varsa veya belirli şehirlerde zaten başvuru yaptıysanız, bu durumları belirtebilirsiniz.","asylum"
"İltica başvurusu yapılırken IND ne tür sorular sorar?","IND (Göçmenlik Hizmetleri Birimi), iltica mülakatı sırasında; neden ülkenizi terk ettiğinizi, ne tür tehditlerle karşı karşıya olduğunuzu, kişisel ve aile geçmişinizi, ülkenizdeki siyasi durumu ve kendinize karşı potansiyel tehditleri açıklamanız için sorular sorar. Cevaplarınız doğru ve tutarlı olmalıdır.","asylum"
"İltica başvurusu sırasında ne kadar bekleme süresi vardır?","Normalde IND, başvurunuzdan itibaren 6 ay içinde bir karar verecektir. Ancak karmaşık durumlar daha uzun sürebilir. Bu süre zarfında, Ültimodam Konaklama Merkezi (COA - Central Office for the Reception of Asylum Seekers) tarafından barındırılacak ve aylık küçük bir yardım alacaksınız.","asylum"
"İltica başvurusu reddedilirse ne olur?","Başvurunuz reddedilirse, size yazılı bir karar ve reddin nedenlerini açıklayan bir mektup verilecektir. Eğer ülkeniz güvenli kabul edildiğine veya hiçbir persekütüsyon tehdidi olmadığına karar verilirse, talebiniz reddedilebilir. Bu durumda, ülkenize dönmeniz istenecektir. İtiraz etme hakkınız vardır.","asylum"
"Başvuruya karşı itiraz (beroep) nasıl yapılır?","Başvuruya karşı itiraz etmek için, red kararını aldıktan sonra 2 hafta içinde uygun şekilde bir itiraz dilekçesi yazmanız gerekir. İtirazınız, İdari Mahkeme'ye sunulmalıdır. Vasi veya avukat yardımı alırseniz daha etkili olabilir.","asylum"
"Ter Apel'de kamp yaşamının kuralları nelerdir?","Ter Apel kampında, kayıt ve sağlık muayeneleri tamamlandıktan sonra genellikle 5-7 gün içinde başka bir COA tesisine transfer edilirsiniz. Kamp içinde belirli kurallar vardır: gece saatleri boyunca kalmanız gerekir, alkol yasaktır ve şiddet hoş görülmez. Kampın yönetim kurallarına uymanız önemlidir.","asylum"
"Kampta barınırken hangi temel haklar sağlanır?","COA kampında barınırken, size; yemek, barınak, temel hijyen malzemeleri ve sağlık hizmetlerine erişim sağlanır. Aylık cep harçlığı (yaklaşık 50-70 €) verilir. Eğer ailece barınıyorsanız, çocuklarınız okula gidebilir ve temel tıbbi hizmetler ücretsizdir.","asylum"
"Kampta aile üyeleriyle barınamazam ne yapabilirim?","Eğer ailesi olmayan bir yetişkin veya çocuğu olmayan evli birleriyseniz, birlikte barınma olanağı olmayabilir. Ancak, ailesi olmayan çocuklar (UAM) için Nidos gibi kuruluşlar tarafından ayrı konaklama ve gözetim sağlanır. Bu durumu kampın yönetimiyle konuşabilirsiniz.","asylum"
"COA nedir ve ne işe yarar?","COA (Centraal Orgaan Asielzoekers), Hollanda'nın iltica başvuru sahibilerine barınma ve temel hizmetler sağlayan merkezi kurumudur. Kamp yönetiminden sorumludur ve yemek, hijyen, sağlık hizmetleri ve günlük ihtiyaçlar sağlar.","asylum"
"COA kampında çalışma yasaklıdır mı?","Evet, iltica başvurunuz işlenirken resmi olarak çalışmanız yasaktır. Ancak, bazı durumlarda sınırlı gönüllü faaliyetler veya eğitim etkinlikleri yapabilirsiniz. Resmi çalışma izni almak için, ilk başvuru dönemini tamamlamanız ve IND'den olumlu karar almanız gerekir.","asylum"
"COA sosyal yardımları nelerdir?","COA tarafından sağlanan sosyal yardımlar şunları içerir: Barınma (kamp veya ayrı konut), Yemek (kamp veya yemek parası), Temel sağlık hizmetleri, Cep harçlığı (aylık 50-70€), Çocuklarınız varsa ek ödenek, Okul malzemeleri, Oyuncaklar ve eğitim materyalleri.","asylum"
"BSN numarası nedir ve neden gerekli?","BSN (Burgerservicenummer), Hollanda'da kimlik numarası gibi işlev gören 9 haneli sayıdır. İltica başvurusu yapmanız için BSN almanız gerekir. BSN olmadan, banka hesabı açamaz, ev kiralamaz, çalışamaz veya okulunuza kayıt yaptıramazsınız. Ter Apel'de kayıt yaptırdığınızda otomatik olarak BSN verilir.","asylum"
"BSN nasıl ve ne zaman verilir?","BSN, Ter Apel'de ilk kayıt sırasında hemen verilir. İltica müdürü tarafından hazırlanmış bir belge veya kart ile BSN'nizi öğrenebilirsiniz. Bu numara ile, gelecekte tüm resmi işlemleri yapabilirsiniz.","asylum"
"İltica başvurusu onaylanırsa ne olur?","Başvurunuz kabul edilirse, size 5 yıllık iltica izni (Beschermde status) verilecektir. Bu durumda, Hollanda'da yasal olarak yaşayabilir, çalışabilir, eğitim alabilir, sağlık hizmetlerinden faydalanabilir ve evinizi seçebilirsiniz. Ayrıca, aile üyelerinizi Hollanda'ya getirme hakkınız olacaktır.","asylum"
"İltica statüsü sonrasında dil eğitimi alabilir miyim?","Evet, iltica statüsü aldıktan sonra, hükümet tarafından desteklenen dil kurslarına (Nederlands) katılabilirsiniz. Bu kurslar genellikle ücretsiz veya çok az maliyetlidir. Dil, Hollanda'da çalışabilme ve entegrasyonun temel anahtarıdır.","asylum"
"Mesleki eğitim ve integrasyonu destekleyen programlar nelerdir?","Hollanda'da, iltica statüsü veya net çalışma izni sahibi kişiler için mesleki eğitim programları mevcuttur. Örneğin; veri analisti, doktor, hemşire, inşaat işçi, vs. gibi farklı alanlarda eğitim alabilirsiniz. Bu programlara, iş bulma ajansları veya belediyeler aracılığıyla erişebilirsiniz.","asylum"
"Çalışma izni ne zaman ve nasıl alınır?","İltica başvurunuz işlenirken, bazı durumlarda çalışma izni (werkvergunning) alabilirsiniz. Başvurunuz henüz işlemde ise, iltica sahibi olduğunuzu kanıtlayan belgeniz varsa, işveren UWV'ye başvurabilir ve size çalışma izni talep edebilir. Resmi olarak iltica almış ise, çalışma izni otomatiktir.","asylum"
"UWV (İstihdam Kurumu) başvurusu nedir?","UWV (Uitvoering Werknemersverzekeringen), Hollanda'nın istihdam kurumudur. Eğer iltica statüsü almış ve çalışmak istiyorsanız, işvereniniz UWV'ye çalışma iznini talep etmek için başvuru yapabilir. Bu işlem birkaç gün içinde sonuçlanır ve işverenin başarılı olması durumunda size çalışma izni verilir.","asylum"
"İltica talibiyken çalışma izni alabilir miyim?","Evet, bazı durumlarda işgücü kıtlığı yaşanan sektörlerde iltica talipleri için çalışma izni verilebilir. Ancak bunun için işvereniniz UWV'ye başvurması gerekir. Normal şartlar altında, iltica statüsü alana kadar çalışma yasaktır.","asylum"
"Başka bir AB ülkesinde red aldıktan sonra Hollanda'da ne olur?","Eğer başka bir AB ülkesinde iltica başvurunuz reddedildiyse ve siz Hollanda'ya girdiyseniz, Dublin kuralı uygulanabilir. Hollanda, sizi ilk giriş yaptığınız ülkeye iade edebilir. Ancak itiraz etme ve belirli durumlar (aile bağları, sağlık) nedeniyle hak talebinde bulunma hakkınız vardır.","asylum"
"İltica reddi alındıktan sonra kaç gün içinde ülkeden ayrılmam gerekir?","Hollanda'dan ayrılmak için genellikle 28 gün süreniz vardır. Bu süre içinde ülkeden kendi isteğinizle ayrılabilirsiniz. Eğer ayrılmazsan, Hollanda hükümeti sizi geri gönderme kararı alabilir ve ülkenizde 5 yıl boyunca Hollanda'ya geri dönmek yasak olur.","asylum"
"Dil kursu alırken ne tür destek sağlanır?","Dil kurslarında; kitap, yazı kağıdı ve diğer eğitim materyalleri genellikle ücretsiz veya az ücretli olarak sağlanır. Bazı kurslara katılım ek ödenek alabilir (yaklaşık 10-20€ haftalık). Kurslar haftada 3-4 gün, 2-3 saat uzunluğunda olabilir.","asylum"
"İş bulma hizmetleri Hollanda'da nasıl çalışır?","Hollanda'da iş bulma hizmetleri, UWV, belediyeler ve özel istihdam ajansları tarafından sağlanır. İltica statüsü almışsanız, UWV'ye kaydolabilir ve onlar sizin becerilerinize uygun işler bulmanızda yardımcı olur. Bazı bölgelerde özel entegrasyon programları da mevcuttur.","asylum"
"Kampta ailece barınabilir miyim?","Evet, çocuğu olan aileler genellikle ayrı aileye özel barınma birimlerine yerleştirilir. Bekâr bireyler ve çocuksuz çiftler, yakın zamanda ailelerine katılma ihtimali varsa, bazen birlikte barındırılabilir. Ancak, bu kararlar COA tarafından duruma göre alınır.","asylum"
"Kampta çocuklarım okula gidebilir mi?","Evet, iltica talip çocuklarının Hollanda'da okula gitme hakkı vardır. Kamp yakınındaki okullar çocuklarınızı kayıt eder. Okul malzemeleri ve bazı masraflar COA tarafından karşılanır.","asylum"
"Hollanda'da tıbbi hizmetlere nasıl erişebilirim?","İltica talip olarak, kampınızın tıbbi hizmetlerine erişebilirsiniz. Kampınızda doktor veya hemşire vardır ve acil durumlarda hastaneye sevk edilebilirsiniz. Özel tıbbi sorunlar için başka sağlık merkezlerine referans verilir.","asylum"
"İltica başvurusu sırasında mektep dışlanabilir miyim?","Hayır, iltica başvurusu sırasında COA kampında kalırsınız. Eğer şiddetli veya tehlikeli davranış gösterirseniz, kamptan çıkarılabilir, ancak bunun için resmi prosedürler izlenir.","asylum"
"İltica başvurusu sırasında ülke dışına çıkabilir miyim?","Hayır, iltica başvurusu işlenirken Hollanda dışına çıkmanız yasaktır. Eğer çıkarsa, başvurunuz reddedilebilir veya iptal edilebilir. Acil durumlar için istisnalar olabilir ancak COA'dan izin almanız gerekir.","asylum"
"İltica başvurusu için avukat yardımı alabilir miyim?","Evet, avukat yardımı alabilirsiniz. Hollanda'da iltica davalarında devlet destekli hukuki yardım (Rechtsbijstand) sağlanabilir. Bu yardım gelir seviyenize göre değerlendirilir ve kendiniz için bir hukuki temsilci seçebilirsiniz.","asylum"
"İltica başvurusunda çevirmen kullanılabilir mi?","Evet, IND mülakatında çevirmen sağlanır. Resmi mülakatı kendi dilinizde yaptırabilirsiniz. Çevirmen, IND tarafından sağlanır ve yasal olarak gizlilik yasağına tabidir.","asylum"
"İltica statüsü aldıktan sonra daha sonra iptal edilebilir mi?","Evet, çeşitli durumlarda iltica statüsü iptal edilebilir. Örneğin; yanlış bilgi vermişseniz, ülkenize geri döndüğünüz anlaşılmışsa veya şiddetli suç işlemişseniz statü iptal edilebilir. Hükümet durumunuz hakkında yeni bilgiler aldığında da statü iptal edebilir.","asylum"
"Hollanda'da sağlık sigortası zorunlu mudur?","Evet, Hollanda'da tüm sakinler sağlık sigortasına sahip olmalıdır. İltica talipleri veya statü sahipleri için hükümet tarafından temel sağlık sigortası sağlanabilir. Resmi olarak çalışıyorsanız, işveren sağlık sigortası katkısı yapması gerekir.","asylum"
"İltica talibiyken evlenebilir miyim?","Evet, evlenebilirsiniz ancak bazı prosedürleri izlemeniz gerekir. Belediyeye (gemeente) resmi başvuru yapmanız ve gerekli belgeleri sunmanız gerekir. İltica talibiyken evlenirseniz, eşiniz de iltica başvurusunda bulunabilir.","asylum"
"İltica başvurusundan sonra ailemi çağırabilirim?","Evet, iltica statüsü aldıktan sonra aile birleştirme (gezinshereeniging) başvurusu yapabilirsiniz. Eşiniz, reşit olmayan çocuklarınız ve bazı durumlarda ebeveynleriniz Hollanda'ya gelebilir. Bu resmi bir başvuru prosesidir ve birkaç ay sürebilir.","asylum"
"Kampta yaşamak zor geliyor, ne yapabilirim?","Kamp yaşamı zorlayıcı olabilir. Bu durumda COA sosyal çalışanlarıyla konuşabilir, ibadet yerlerinde zaman geçirebilir, VluchtelingenWerk gibi yardımcı kuruluşlarla iletişim kurabilirsiniz. Ruh sağlığınız tehlikedeyse tıbbi yardım alabilirsiniz.","asylum"
